Year,,
2013,,
2015,nan,2394
2016,0,1305
2015,1,935
2015,2,1881
2015,3,1430
2015,4,1515
2013,,9460
2015,,
2014,,
2015,,
2015,,
2015,,
2015,,
2016,,
2016,,
2013,,
2016,,
2015,,
2016,,
2015,,
2015,,
2013,,
2015,,
nan,,
nan,,
2016,,
nan,,
2016,,
nan,,
2016,,
2016,,
2016,,
2016,,
2016,,
2016,,
2016,,
nan,,
2016,,
2016,,
2016,,
2016,,
2016,,
2014,,
2016,,
nan,,
2016,,
2015,,
2016,,
2016,,
nan,,
2016,,
2016,,
2016,,
2016,,
2016,,
2016,,
2016,,
nan,,
nan,,
2016,,
2016,,
2016,,
2012,,
2015,,
2013,,
nan,,
nan,,
nan,,
nan,,
2013,,
nan,,
2012,,
2011,,
2012,,
2012,,
nan,,
nan,,
2012,,
2012,,
2011,,
2013,,
nan,,
nan,,
nan,,
2012,,
2013,,
nan,,
nan,,
nan,,
2013,,
nan,,
2013,,
2013,,
2013,,
2013,,
nan,,
nan,,
2013,,
2013,,
nan,,
2013,,
nan,,
nan,,
nan,,
nan,,
nan,,
2013,,
2013,,
2013,,
nan,,
2013,,
2013,,
nan,,
nan,,
nan,,
2010,,
nan,,
2013,,
nan,,
nan,,
nan,,
nan,,
2015,,
nan,,
nan,,
nan,,
2016,,
2016,,
nan,,
2015,,
nan,,
2015,,
2015,,
2016,,
2015,,
nan,,
2015,,
2015,,
nan,,
2015,,
nan,,
2015,,
nan,,
nan,,
2016,,
nan,,
2015,,
2016,,
2016,,
2015,,
2015,,
2016,,
nan,,
2015,,
nan,,
nan,,
2016,,
nan,,
2016,,
2013,,
2015,,
nan,,
2015,,
2016,,
2015,,
2015,,
nan,,
nan,,
2016,,
2013,,
2015,,
2016,,
nan,,
nan,,
2015,,
2015,,
nan,,
2015,,
2016,,
2015,,
2015,,
2016,,
2015,,
2013,,
2013,,
2015,,
2013,,
nan,,
2016,,
2016,,
2015,,
2013,,
nan,,
2015,,
nan,,
nan,,
2016,,
2015,,
2013,,
nan,,
nan,,
2016,,
nan,,
nan,,
nan,,
2016,,
nan,,
nan,,
2016,,
nan,,
2016,,
nan,,
2016,,
2016,,
nan,,
2016,,
nan,,
nan,,
nan,,
2013,,
2015,,
2016,,
nan,,
nan,,
nan,,
nan,,
nan,,
nan,,
2016,,
nan,,
nan,,
2016,,
nan,,
2015,,
nan,,
2015,,
2015,,
nan,,
2014,,
2015,,
2016,,
2016,,
nan,,
nan,,
nan,,
2016,,
nan,,
2016,,
2016,,
2016,,
2016,,
2010,,
2016,,
2016,,
nan,,
nan,,
nan,,
nan,,
2016,,
2016,,
nan,,
nan,,
2016,,
2016,,
nan,,
2010,,
nan,,
2016,,
2016,,
2016,,
2016,,
2016,,
2016,,
2016,,
2015,,
2016,,
nan,,
2010,,
2010,,
nan,,
nan,,
2016,,
2016,,
nan,,
nan,,
2016,,
2016,,
2016,,
nan,,
2016,,
nan,,
2015,,
2016,,
2016,,
2016,,
2016,,
nan,,
2016,,
2008,,
2016,,
2016,,
nan,,
2016,,
nan,,
2016,,
nan,,
2016,,
2010,,
nan,,
2016,,
2010,,
2016,,
2008,,
nan,,
2016,,
nan,,
2010,,
2016,,
2016,,
nan,,
nan,,
2008,,
2008,,
nan,,
nan,,
2006,,
2010,,
2008,,
2010,,
2008,,
2008,,
2010,,
2010,,
nan,,
2010,,
nan,,
2008,,
nan,,
2009,,
nan,,
nan,,
nan,,
nan,,
nan,,
2010,,
nan,,
nan,,
2013,,
2014,,
2014,,
2014,,
2014,,
2014,,
2014,,
2014,,
2014,,
2014,,
nan,,
2014,,
2014,,
2014,,
2014,,
2014,,
2014,,
2014,,
2014,,
2014,,
2014,,
2014,,
2014,,
nan,,
nan,,
nan,,
nan,,
2009,,
nan,,
nan,,
nan,,
nan,,
nan,,
nan,,
nan,,
2009,,
2009,,
nan,,
2009,,
nan,,
nan,,
nan,,
nan,,
nan,,
nan,,
nan,,
nan,,
nan,,
2009,,
nan,,
2016,,
nan,,
2016,,
2015,,
2016,,
nan,,
nan,,
nan,,
nan,,
2016,,
2016,,
nan,,
2016,,
2016,,
2013,,
nan,,
2016,,
2013,,
2016,,
2016,,
2016,,
2013,,
nan,,
2016,,
2016,,
2016,,
nan,,
2016,,
2013,,
nan,,
2016,,
2007,,
nan,,
2013,,
nan,,
2016,,
nan,,
nan,,
2016,,
2016,,
2016,,
2016,,
2016,,
2016,,
nan,,
2016,,
2016,,
2016,,
2016,,
2016,,
2016,,
2016,,
nan,,
2016,,
nan,,
nan,,
2016,,
2016,,
2016,,
2016,,
2014,,
2013,,
2014,,
2012,,
2014,,
2012,,
2014,,
nan,,
nan,,
2007,,
nan,,
2012,,
2007,,
2007,,
2014,,
2013,,
2012,,
2014,,
2007,,
2013,,
2014,,
2014,,
nan,,
2012,,
nan,,
2012,,
nan,,
2007,,
nan,,
2007,,
2014,,
2013,,
nan,,
2014,,
2014,,
nan,,
2014,,
nan,,
2013,,
2007,,
nan,,
2012,,
nan,,
nan,,
nan,,
nan,,
nan,,
2016,,
2014,,
nan,,
1996,,
nan,,
nan,,
nan,,
2016,,
nan,,
nan,,
nan,,
2016,,
nan,,
nan,,
nan,,
2016,,
2016,,
nan,,
1999,,
nan,,
2016,,
2016,,
nan,,
2016,,
nan,,
2016,,
2016,,
2007,,
2016,,
2016,,
nan,,
nan,,
2016,,
nan,,
2016,,
2016,,
nan,,
nan,,
nan,,
2014,,
2016,,
2016,,
2016,,
nan,,
2007,,
2016,,
1996,,
nan,,
nan,,
2015,,
nan,,
2011,,
2010,,
2015,,
2010,,
2016,,
2015,,
2016,,
2010,,
nan,,
2011,,
nan,,
2016,,
2015,,
nan,,
2015,,
nan,,
2013,,
2013,,
2010,,
2013,,
2013,,
2013,,
2013,,
2013,,
nan,,
2013,,
2013,,
2013,,
2013,,
2009,,
nan,,
2009,,
2013,,
nan,,
2013,,
nan,,
2009,,
2013,,
2013,,
2013,,
2013,,
2013,,
2013,,
2009,,
2013,,
2009,,
2013,,
nan,,
nan,,
2013,,
nan,,
nan,,
2016,,
2016,,
2013,,
2016,,
nan,,
2013,,
nan,,
2016,,
nan,,
nan,,
2016,,
2016,,
nan,,
nan,,
2016,,
nan,,
2016,,
2016,,
2016,,
2016,,
2011,,
2011,,
2016,,
nan,,
2011,,
nan,,
2013,,
nan,,
2016,,
2016,,
nan,,
nan,,
nan,,
nan,,
nan,,
nan,,
nan,,
2016,,
2013,,
2016,,
nan,,
nan,,
2013,,
2015,,
2013,,
nan,,
2016,,
nan,,
nan,,
nan,,
2016,,
2013,,
nan,,
2016,,
2013,,
nan,,
2016,,
nan,,
nan,,
2016,,
nan,,
nan,,
2016,,
nan,,
nan,,
nan,,
nan,,
nan,,
2016,,
2016,,
nan,,
nan,,
nan,,
2016,,
nan,,
nan,,
2016,,
nan,,
nan,,
2016,,
nan,,
2016,,
nan,,
2016,,
2016,,
2016,,
nan,,
2016,,
nan,,
nan,,
nan,,
nan,,
2016,,
2016,,
nan,,
2016,,
nan,,
2016,,
2016,,
2016,,
2016,,
2016,,
2016,,
2016,,
2016,,
2016,,
2016,,
2016,,
nan,,
nan,,
2016,,
2016,,
nan,,
2016,,
2016,,
2016,,
nan,,
2016,,
2016,,
2016,,
nan,,
2016,,
nan,,
2016,,
2016,,
nan,,
nan,,
2014,,
1999,,
2006,,
2014,,
2014,,
2014,,
2003,,
2008,,
2003,,
2014,,
nan,,
nan,,
2008,,
2014,,
2003,,
2014,,
2014,,
nan,,
2014,,
2014,,
2006,,
2006,,
2014,,
2006,,
2014,,
2014,,
2014,,
2014,,
2014,,
nan,,
2014,,
2014,,
2014,,
nan,,
2014,,
2016,,
2016,,
nan,,
nan,,
2016,,
2016,,
2016,,
nan,,
nan,,
2016,,
2013,,
2016,,
2016,,
2013,,
2016,,
nan,,
2017,,
2016,,
nan,,
2017,,
2016,,
2017,,
nan,,
2008,,
2010,,
nan,,
nan,,
2010,,
nan,,
2009,,
nan,,
nan,,
nan,,
nan,,
nan,,
2010,,
2010,,
2010,,
2010,,
nan,,
nan,,
nan,,
nan,,
2008,,
nan,,
2003,,
2010,,
nan,,
2010,,
2012,,
2012,,
2013,,
2013,,
2012,,
2013,,
2013,,
2013,,
2012,,
1999,,
2012,,
2013,,
nan,,
2012,,
2013,,
2013,,
2013,,
2012,,
2013,,
2013,,
2012,,
1999,,
2013,,
nan,,
2013,,
nan,,
nan,,
nan,,
nan,,
nan,,
nan,,
nan,,
2014,,
2014,,
2006,,
2014,,
2014,,
2014,,
2014,,
2014,,
2014,,
2011,,
nan,,
2014,,
2014,,
2011,,
2011,,
2014,,
nan,,
2016,,
nan,,
nan,,
2016,,
nan,,
nan,,
2016,,
nan,,
nan,,
nan,,
2016,,
nan,,
2016,,
2016,,
nan,,
nan,,
nan,,
2009,,
nan,,
2016,,
nan,,
nan,,
nan,,
nan,,
nan,,
nan,,
nan,,
nan,,
2016,,
nan,,
2016,,
nan,,
nan,,
nan,,
nan,,
nan,,
nan,,
nan,,
2013,,
nan,,
2013,,
nan,,
nan,,
nan,,
nan,,
nan,,
nan,,
nan,,
nan,,
nan,,
2013,,
2013,,
nan,,
nan,,
nan,,
2013,,
2013,,
2013,,
2010,,
2010,,
2001,,
2010,,
2005,,
nan,,
2010,,
nan,,
2010,,
nan,,
2010,,
2005,,
2010,,
2007,,
1997,,
2009,,
2009,,
2010,,
2007,,
2010,,
2010,,
2007,,
nan,,
2010,,
2007,,
nan,,
nan,,
1999,,
2009,,
2010,,
nan,,
nan,,
2005,,
2010,,
2010,,
2007,,
nan,,
2010,,
nan,,
2009,,
2013,,
2013,,
nan,,
nan,,
2012,,
2008,,
2012,,
2013,,
2013,,
2013,,
nan,,
2013,,
2013,,
2013,,
2013,,
nan,,
2013,,
nan,,
nan,,
nan,,
nan,,
nan,,
2013,,
2013,,
2013,,
nan,,
2013,,
nan,,
2008,,
2008,,
nan,,
nan,,
2008,,
2013,,
2013,,
2015,,
2015,,
2011,,
2015,,
2015,,
2016,,
nan,,
2015,,
nan,,
2015,,
nan,,
2011,,
2011,,
nan,,
2015,,
2015,,
2015,,
2015,,
2015,,
nan,,
2014,,
2015,,
2016,,
nan,,
2015,,
2016,,
2015,,
2015,,
2011,,
2015,,
2014,,
2014,,
2016,,
nan,,
nan,,
2015,,
2014,,
2011,,
2015,,
2015,,
2011,,
nan,,
2014,,
2015,,
2015,,
nan,,
2015,,
2008,,
2015,,
nan,,
2015,,
2015,,
nan,,
2015,,
nan,,
2011,,
2015,,
2014,,
nan,,
2015,,
2013,,
2011,,
2013,,
nan,,
nan,,
2013,,
2016,,
2015,,
nan,,
2015,,
nan,,
nan,,
2014,,
2013,,
2014,,
2011,,
2015,,
2015,,
2015,,
nan,,
2015,,
2016,,
nan,,
2015,,
2015,,
nan,,
2011,,
2014,,
nan,,
2015,,
2015,,
2011,,
2015,,
nan,,
2015,,
2015,,
2015,,
2015,,
2016,,
2015,,
nan,,
2015,,
nan,,
nan,,
nan,,
nan,,
2003,,
2014,,
2014,,
2014,,
2014,,
nan,,
2014,,
2014,,
2014,,
2014,,
1996,,
nan,,
2014,,
nan,,
nan,,
nan,,
nan,,
nan,,
nan,,
2014,,
2014,,
nan,,
2008,,
nan,,
2014,,
nan,,
1996,,
nan,,
2014,,
1996,,
2003,,
nan,,
1996,,
2014,,
nan,,
nan,,
2014,,
2014,,
nan,,
2014,,
nan,,
nan,,
nan,,
nan,,
2014,,
2014,,
nan,,
2014,,
nan,,
2014,,
2014,,
2014,,
2014,,
2014,,
nan,,
2012,,
2012,,
2012,,
2012,,
2012,,
nan,,
2012,,
nan,,
2012,,
2012,,
2012,,
2012,,
2011,,
nan,,
2011,,
2012,,
2012,,
2012,,
2012,,
2012,,
2012,,
2012,,
2012,,
2012,,
2012,,
2012,,
2012,,
2012,,
2010,,
2012,,
2012,,
2012,,
nan,,
2012,,
2012,,
2012,,
2012,,
2013,,
2013,,
2012,,
2012,,
2012,,
nan,,
2014,,
2014,,
2014,,
2014,,
nan,,
2014,,
2003,,
2009,,
2003,,
2003,,
2003,,
2008,,
2003,,
2008,,
2003,,
2008,,
2014,,
2014,,
2014,,
2010,,
2013,,
2011,,
2013,,
2013,,
2008,,
2013,,
2013,,
2013,,
2013,,
2013,,
2013,,
2013,,
2013,,
2013,,
2013,,
2012,,
2013,,
2011,,
2013,,
2013,,
2013,,
2013,,
2013,,
2013,,
1985,,
nan,,
2013,,
2013,,
1985,,
2013,,
2013,,
2013,,
2013,,
2008,,
nan,,
2010,,
nan,,
nan,,
nan,,
nan,,
nan,,
nan,,
2010,,
nan,,
2010,,
nan,,
nan,,
2010,,
2010,,
nan,,
nan,,
nan,,
nan,,
nan,,
2010,,
nan,,
nan,,
nan,,
nan,,
nan,,
nan,,
nan,,
nan,,
nan,,
nan,,
nan,,
nan,,
2010,,
nan,,
nan,,
2010,,
2010,,
nan,,
nan,,
nan,,
nan,,
2010,,
nan,,
2010,,
nan,,
nan,,
nan,,
nan,,
nan,,
nan,,
nan,,
nan,,
nan,,
nan,,
nan,,
2015,,
2015,,
2015,,
2015,,
2015,,
2015,,
nan,,
2015,,
nan,,
2015,,
2014,,
2015,,
2015,,
2015,,
nan,,
2015,,
2015,,
2015,,
nan,,
2015,,
nan,,
2015,,
2015,,
2015,,
2015,,
2014,,
nan,,
nan,,
nan,,
2014,,
2015,,
2014,,
2015,,
nan,,
nan,,
2012,,
2015,,
2015,,
2014,,
2015,,
2015,,
nan,,
nan,,
nan,,
nan,,
2015,,
2015,,
nan,,
2015,,
2015,,
nan,,
2015,,
nan,,
nan,,
2012,,
2015,,
2014,,
2015,,
nan,,
nan,,
nan,,
nan,,
2015,,
2014,,
2014,,
2015,,
2012,,
2015,,
nan,,
nan,,
2015,,
nan,,
2012,,
2012,,
2014,,
nan,,
2014,,
nan,,
nan,,
2015,,
nan,,
nan,,
nan,,
2015,,
2015,,
2012,,
2015,,
2015,,
2012,,
nan,,
2014,,
2015,,
nan,,
2015,,
nan,,
nan,,
2015,,
nan,,
2015,,
nan,,
2014,,
nan,,
2015,,
nan,,
nan,,
2014,,
nan,,
nan,,
2015,,
2015,,
nan,,
nan,,
2015,,
2015,,
2014,,
2012,,
nan,,
2015,,
nan,,
2015,,
2015,,
2015,,
2015,,
2015,,
2012,,
nan,,
2015,,
2015,,
2014,,
nan,,
2014,,
2014,,
2014,,
2014,,
2014,,
2014,,
2014,,
nan,,
2014,,
2015,,
2014,,
2014,,
2015,,
2014,,
2014,,
nan,,
2014,,
nan,,
2014,,
nan,,
2014,,
2014,,
2014,,
2014,,
2014,,
2014,,
2014,,
2014,,
2014,,
2014,,
2014,,
2014,,
2014,,
2015,,
2014,,
2014,,
2015,,
2014,,
2014,,
2014,,
nan,,
2014,,
2014,,
2014,,
2014,,
2014,,
2014,,
2014,,
nan,,
2014,,
2014,,
2014,,
2014,,
2014,,
2014,,
2014,,
nan,,
2015,,
2014,,
nan,,
2014,,
2014,,
nan,,
2015,,
2014,,
2014,,
2014,,
2014,,
2014,,
2014,,
2014,,
2014,,
2014,,
2014,,
2014,,
2014,,
2015,,
nan,,
2014,,
2015,,
2014,,
2014,,
2015,,
2014,,
nan,,
2014,,
nan,,
2014,,
2014,,
2014,,
2014,,
2014,,
nan,,
2014,,
2014,,
2014,,
2014,,
2010,,
2010,,
2010,,
2010,,
2010,,
2010,,
nan,,
2010,,
2010,,
nan,,
2010,,
2010,,
nan,,
nan,,
2010,,
2010,,
nan,,
nan,,
2010,,
2010,,
nan,,
nan,,
2010,,
2010,,
nan,,
2010,,
2010,,
2010,,
nan,,
nan,,
nan,,
2010,,
2010,,
nan,,
nan,,
nan,,
1999,,
2010,,
nan,,
nan,,
2010,,
nan,,
2010,,
2010,,
2010,,
2010,,
2010,,
2010,,
2010,,
nan,,
1999,,
nan,,
2010,,
nan,,
nan,,
nan,,
2006,,
2002,,
2005,,
nan,,
2002,,
nan,,
nan,,
2008,,
2008,,
2008,,
2002,,
2002,,
2002,,
2002,,
2008,,
2005,,
2002,,
2008,,
2005,,
2002,,
2008,,
2008,,
2005,,
2002,,
2002,,
2008,,
2002,,
2008,,
2002,,
2008,,
2009,,
2002,,
2002,,
2006,,
2008,,
2005,,
nan,,
2005,,
2011,,
2010,,
2005,,
nan,,
2011,,
2011,,
nan,,
nan,,
nan,,
2011,,
2001,,
2011,,
2010,,
2011,,
2005,,
2010,,
2011,,
2011,,
nan,,
nan,,
nan,,
2010,,
2011,,
2011,,
2010,,
nan,,
2011,,
2011,,
2005,,
2011,,
2010,,
2011,,
2005,,
nan,,
2011,,
2011,,
2011,,
2011,,
nan,,
2011,,
2011,,
nan,,
nan,,
nan,,
nan,,
2011,,
nan,,
2004,,
nan,,
2005,,
2004,,
nan,,
2004,,
nan,,
nan,,
2004,,
nan,,
2004,,
nan,,
2010,,
nan,,
nan,,
2004,,
nan,,
nan,,
2004,,
nan,,
nan,,
nan,,
nan,,
nan,,
2004,,
2004,,
nan,,
nan,,
2004,,
2004,,
2015,,
nan,,
nan,,
nan,,
nan,,
nan,,
nan,,
nan,,
2004,,
nan,,
nan,,
2015,,
nan,,
2004,,
nan,,
nan,,
nan,,
2015,,
nan,,
2004,,
nan,,
nan,,
nan,,
2005,,
2015,,
nan,,
nan,,
nan,,
nan,,
nan,,
nan,,
2005,,
2015,,
nan,,
2015,,
2005,,
2015,,
2004,,
nan,,
nan,,
nan,,
2004,,
2004,,
nan,,
2015,,
2004,,
nan,,
nan,,
nan,,
nan,,
nan,,
nan,,
2004,,
nan,,
nan,,
2007,,
2013,,
nan,,
nan,,
nan,,
2007,,
2013,,
2014,,
2013,,
nan,,
nan,,
nan,,
2014,,
2014,,
2013,,
2014,,
2006,,
2014,,
nan,,
2014,,
2013,,
nan,,
nan,,
2014,,
2013,,
nan,,
2007,,
2014,,
2014,,
1998,,
2014,,
nan,,
2014,,
2006,,
2007,,
2013,,
2013,,
nan,,
2013,,
2014,,
2014,,
2013,,
2014,,
1998,,
nan,,
nan,,
2013,,
2007,,
1998,,
nan,,
2014,,
nan,,
2014,,
2013,,
2013,,
2014,,
2014,,
2013,,
2014,,
1998,,
nan,,
2012,,
2012,,
2012,,
nan,,
nan,,
2012,,
nan,,
2012,,
2012,,
2012,,
nan,,
2012,,
2012,,
2012,,
2012,,
2012,,
2012,,
2012,,
nan,,
2012,,
nan,,
nan,,
2012,,
2012,,
nan,,
2012,,
2012,,
nan,,
nan,,
2012,,
nan,,
2012,,
2015,,
nan,,
2015,,
nan,,
2015,,
2015,,
2015,,
2015,,
2014,,
2009,,
nan,,
2009,,
nan,,
nan,,
2000,,
2015,,
2010,,
2012,,
nan,,
2014,,
2000,,
2015,,
2015,,
2015,,
2015,,
2015,,
2015,,
2015,,
nan,,
2015,,
2015,,
2010,,
2012,,
2011,,
nan,,
2002,,
nan,,
2015,,
2015,,
2015,,
2015,,
nan,,
nan,,
2015,,
2015,,
2015,,
nan,,
2009,,
2015,,
2015,,
2015,,
2015,,
2009,,
2015,,
2011,,
nan,,
2002,,
nan,,
2015,,
2009,,
2014,,
2009,,
nan,,
nan,,
nan,,
nan,,
2015,,
2014,,
2015,,
nan,,
2014,,
2015,,
2000,,
2015,,
2009,,
nan,,
nan,,
2015,,
2015,,
nan,,
nan,,
nan,,
2015,,
2015,,
nan,,
2015,,
nan,,
2002,,
2015,,
nan,,
nan,,
nan,,
nan,,
2012,,
2015,,
2015,,
nan,,
2015,,
nan,,
2015,,
2015,,
2015,,
nan,,
nan,,
nan,,
2015,,
2015,,
2015,,
2012,,
nan,,
2010,,
nan,,
2015,,
2015,,
2014,,
nan,,
2015,,
nan,,
2014,,
2015,,
2015,,
2015,,
nan,,
nan,,
2015,,
nan,,
2015,,
2009,,
2015,,
2015,,
2015,,
nan,,
nan,,
2015,,
nan,,
2012,,
2015,,
nan,,
nan,,
nan,,
2015,,
2015,,
2015,,
2015,,
2015,,
2015,,
2009,,
nan,,
2011,,
2012,,
nan,,
nan,,
2015,,
2015,,
2015,,
2015,,
2015,,
2015,,
nan,,
2015,,
nan,,
2011,,
2011,,
nan,,
2013,,
2013,,
2013,,
2013,,
nan,,
2013,,
2013,,
2013,,
2013,,
2013,,
2011,,
2011,,
nan,,
2013,,
2009,,
1999,,
2007,,
2006,,
2009,,
2009,,
2009,,
2009,,
2009,,
2009,,
2009,,
1999,,
2009,,
2009,,
2009,,
2009,,
2009,,
nan,,
2009,,
2009,,
2009,,
2002,,
2006,,
2009,,
2009,,
2009,,
nan,,
2009,,
2007,,
2009,,
1999,,
2009,,
2009,,
2007,,
2010,,
2010,,
nan,,
2010,,
2010,,
2010,,
nan,,
2010,,
2010,,
2010,,
2010,,
2010,,
2008,,
2008,,
2010,,
nan,,
2010,,
2010,,
2010,,
2008,,
2010,,
2010,,
2010,,
2010,,
2008,,
2008,,
nan,,
2010,,
2010,,
2008,,
nan,,
2010,,
2010,,
2010,,
2008,,
2008,,
2010,,
2010,,
nan,,
2012,,
nan,,
nan,,
1998,,
1998,,
2000,,
nan,,
nan,,
nan,,
nan,,
nan,,
2011,,
2011,,
2011,,
nan,,
2000,,
nan,,
nan,,
2010,,
1998,,
2011,,
2011,,
nan,,
nan,,
2011,,
2011,,
2010,,
nan,,
nan,,
2011,,
2012,,
2000,,
2012,,
nan,,
nan,,
2001,,
2008,,
2008,,
2008,,
2008,,
2008,,
2007,,
2003,,
2008,,
2008,,
2005,,
2008,,
2008,,
2008,,
2008,,
2003,,
2008,,
2008,,
2008,,
2005,,
2008,,
2008,,
2008,,
2007,,
2008,,
2005,,
2007,,
2008,,
2008,,
2008,,
2005,,
2008,,
2008,,
2008,,
2008,,
2008,,
2005,,
2008,,
2003,,
2001,,
2003,,
2008,,
2008,,
2003,,
2005,,
2008,,
2008,,
2006,,
2008,,
2008,,
2008,,
2008,,
2003,,
2008,,
2013,,
2014,,
2013,,
2014,,
2013,,
2013,,
2014,,
2014,,
2014,,
2013,,
nan,,
1992,,
2013,,
2013,,
2013,,
2013,,
2013,,
2010,,
2010,,
2010,,
2010,,
2013,,
2013,,
2013,,
2010,,
2013,,
2013,,
2013,,
2013,,
nan,,
nan,,
2013,,
2013,,
2009,,
2013,,
2010,,
nan,,
2013,,
nan,,
2013,,
2010,,
2010,,
2010,,
1992,,
2013,,
2013,,
nan,,
2010,,
2013,,
2010,,
2010,,
nan,,
2013,,
2013,,
2010,,
2013,,
2013,,
2013,,
2013,,
2009,,
2009,,
nan,,
2013,,
2010,,
2013,,
1992,,
2013,,
2013,,
2013,,
2013,,
2013,,
2011,,
2010,,
2011,,
nan,,
2011,,
nan,,
2011,,
2011,,
2010,,
2010,,
nan,,
nan,,
2011,,
nan,,
nan,,
2011,,
2011,,
nan,,
nan,,
nan,,
2011,,
2011,,
2011,,
2010,,
2011,,
2011,,
nan,,
2011,,
2011,,
2010,,
2011,,
2011,,
2011,,
nan,,
nan,,
2011,,
2011,,
2011,,
nan,,
2011,,
2011,,
nan,,
2010,,
2011,,
nan,,
nan,,
2011,,
nan,,
2011,,
2011,,
nan,,
1971,,
2011,,
2010,,
nan,,
2012,,
nan,,
nan,,
nan,,
nan,,
nan,,
2014,,
2014,,
nan,,
2014,,
nan,,
2005,,
2012,,
2014,,
2014,,
2014,,
2014,,
2014,,
2012,,
2014,,
2014,,
nan,,
2014,,
2014,,
nan,,
nan,,
nan,,
nan,,
nan,,
nan,,
nan,,
nan,,
nan,,
2014,,
nan,,
nan,,
2014,,
2010,,
2014,,
2014,,
2014,,
nan,,
2014,,
2010,,
2014,,
2014,,
2009,,
2014,,
nan,,
nan,,
2014,,
2014,,
2014,,
2014,,
2014,,
nan,,
2013,,
nan,,
2014,,
2013,,
2009,,
2014,,
2014,,
2014,,
nan,,
nan,,
2014,,
2014,,
2014,,
2014,,
2013,,
2014,,
2014,,
2014,,
2014,,
2009,,
2014,,
nan,,
2014,,
2014,,
2014,,
2014,,
2014,,
2014,,
2014,,
nan,,
2009,,
2014,,
nan,,
2014,,
2014,,
nan,,
2009,,
2014,,
2010,,
2010,,
2010,,
nan,,
2010,,
1997,,
2010,,
2010,,
2010,,
2010,,
2010,,
2010,,
2010,,
2010,,
2010,,
2010,,
nan,,
2010,,
2010,,
2010,,
2010,,
1997,,
nan,,
2010,,
nan,,
2006,,
2010,,
2010,,
2010,,
1997,,
2010,,
2010,,
2010,,
2010,,
1997,,
2010,,
2010,,
nan,,
1997,,
1997,,
1997,,
2010,,
2010,,
2010,,
2006,,
1997,,
2010,,
2010,,
2010,,
nan,,
nan,,
2001,,
nan,,
2010,,
2010,,
nan,,
2010,,
1997,,
nan,,
2010,,
2010,,
2010,,
2010,,
1997,,
2010,,
1997,,
2005,,
2010,,
2010,,
nan,,
nan,,
2010,,
2010,,
2010,,
2010,,
2010,,
2010,,
2010,,
2010,,
2010,,
2010,,
2010,,
nan,,
2012,,
2012,,
nan,,
2015,,
2015,,
nan,,
nan,,
2015,,
nan,,
nan,,
2015,,
nan,,
nan,,
1991,,
2015,,
2015,,
2012,,
2015,,
2015,,
nan,,
2015,,
nan,,
nan,,
nan,,
2015,,
nan,,
2015,,
2015,,
nan,,
1991,,
nan,,
nan,,
2015,,
nan,,
2012,,
nan,,
nan,,
2015,,
2015,,
nan,,
2015,,
nan,,
2015,,
nan,,
2014,,
nan,,
2012,,
1991,,
nan,,
nan,,
2015,,
nan,,
2015,,
2015,,
2015,,
2015,,
2015,,
2015,,
nan,,
nan,,
nan,,
nan,,
2012,,
nan,,
2015,,
2015,,
2015,,
nan,,
nan,,
2012,,
2015,,
2015,,
nan,,
2015,,
2015,,
nan,,
1991,,
nan,,
2015,,
nan,,
2015,,
nan,,
nan,,
2014,,
2015,,
2015,,
nan,,
nan,,
nan,,
2015,,
nan,,
nan,,
nan,,
nan,,
2008,,
nan,,
2015,,
nan,,
2015,,
2008,,
2008,,
nan,,
2015,,
nan,,
nan,,
nan,,
2015,,
nan,,
nan,,
2015,,
nan,,
2015,,
nan,,
nan,,
nan,,
nan,,
nan,,
2015,,
nan,,
nan,,
2015,,
nan,,
2015,,
nan,,
2015,,
nan,,
nan,,
nan,,
nan,,
nan,,
nan,,
2015,,
nan,,
nan,,
2015,,
nan,,
2015,,
nan,,
2008,,
nan,,
nan,,
2015,,
2011,,
2015,,
nan,,
nan,,
nan,,
2011,,
nan,,
2011,,
nan,,
2011,,
2011,,
nan,,
2011,,
2011,,
nan,,
2011,,
2011,,
nan,,
nan,,
2011,,
2011,,
2011,,
2011,,
2011,,
2011,,
nan,,
nan,,
2011,,
2011,,
2011,,
2011,,
2011,,
2011,,
nan,,
nan,,
nan,,
2011,,
2011,,
2011,,
2011,,
nan,,
nan,,
2011,,
nan,,
2011,,
nan,,
2011,,
nan,,
nan,,
2011,,
2011,,
2011,,
2011,,
2011,,
nan,,
2011,,
nan,,
2011,,
nan,,
2011,,
nan,,
2011,,
nan,,
2011,,
2011,,
2011,,
2011,,
2011,,
nan,,
2011,,
2011,,
nan,,
2011,,
2011,,
2011,,
nan,,
2011,,
nan,,
2011,,
nan,,
nan,,
2010,,
nan,,
nan,,
nan,,
nan,,
nan,,
nan,,
2010,,
nan,,
2010,,
2010,,
nan,,
2010,,
nan,,
nan,,
nan,,
nan,,
2010,,
2010,,
nan,,
nan,,
nan,,
2010,,
nan,,
nan,,
nan,,
nan,,
2010,,
nan,,
2010,,
nan,,
nan,,
2010,,
2008,,
2010,,
2009,,
2010,,
nan,,
2012,,
2012,,
nan,,
2012,,
2012,,
2012,,
2012,,
nan,,
2012,,
2012,,
2012,,
2012,,
nan,,
2012,,
nan,,
nan,,
2012,,
2012,,
2012,,
nan,,
nan,,
2012,,
2012,,
2012,,
nan,,
2012,,
2012,,
nan,,
2012,,
2012,,
nan,,
2006,,
2006,,
nan,,
2012,,
2012,,
2012,,
nan,,
nan,,
nan,,
nan,,
2012,,
2012,,
2012,,
2012,,
nan,,
2012,,
nan,,
nan,,
nan,,
nan,,
nan,,
nan,,
2012,,
2012,,
nan,,
nan,,
nan,,
2012,,
2012,,
2012,,
nan,,
nan,,
2011,,
nan,,
nan,,
2012,,
nan,,
2007,,
2007,,
nan,,
nan,,
2011,,
nan,,
nan,,
nan,,
nan,,
nan,,
nan,,
2013,,
nan,,
nan,,
nan,,
2013,,
nan,,
nan,,
nan,,
nan,,
2012,,
nan,,
nan,,
nan,,
nan,,
2013,,
2013,,
2013,,
2013,,
2013,,
2013,,
2013,,
2013,,
2013,,
2013,,
nan,,
2013,,
2013,,
2007,,
2013,,
nan,,
2013,,
nan,,
2013,,
2013,,
2013,,
2013,,
2013,,
2013,,
2013,,
2013,,
2013,,
nan,,
2012,,
2012,,
2012,,
2012,,
2012,,
2012,,
2012,,
1980,,
2012,,
nan,,
nan,,
1980,,
2011,,
2011,,
nan,,
nan,,
nan,,
2012,,
nan,,
nan,,
nan,,
nan,,
nan,,
nan,,
nan,,
2012,,
2012,,
nan,,
2012,,
nan,,
2012,,
2011,,
2011,,
nan,,
nan,,
nan,,
2012,,
2012,,
nan,,
2012,,
2012,,
2012,,
nan,,
2012,,
2012,,
2012,,
2012,,
2012,,
2012,,
2012,,
2012,,
2010,,
2011,,
2010,,
2010,,
2012,,
2012,,
2012,,
2012,,
2011,,
2011,,
2012,,
2011,,
2011,,
2012,,
2012,,
2012,,
2012,,
2012,,
2012,,
2011,,
2012,,
2012,,
2011,,
2011,,
2012,,
2012,,
2012,,
2012,,
2012,,
nan,,
nan,,
2012,,
2011,,
2012,,
2012,,
2012,,
nan,,
2012,,
2012,,
2012,,
2012,,
2012,,
nan,,
nan,,
2008,,
2005,,
2005,,
2007,,
2008,,
2007,,
nan,,
2007,,
2007,,
2007,,
2007,,
2007,,
2007,,
2007,,
2007,,
2007,,
2007,,
2007,,
2007,,
2007,,
2007,,
2005,,
2007,,
2009,,
2009,,
2007,,
2009,,
2007,,
2007,,
2009,,
2007,,
2007,,
2007,,
2007,,
2007,,
2007,,
nan,,
2007,,
2007,,
2007,,
2007,,
2009,,
2009,,
2009,,
2009,,
2009,,
nan,,
2009,,
2009,,
2009,,
2009,,
2009,,
2009,,
2009,,
2009,,
2009,,
nan,,
2009,,
2008,,
nan,,
2009,,
2009,,
nan,,
2008,,
2009,,
2009,,
2009,,
2009,,
2009,,
2009,,
2009,,
2009,,
2009,,
2009,,
2009,,
2009,,
2009,,
2009,,
2009,,
2009,,
2009,,
2009,,
2009,,
nan,,
nan,,
2009,,
2009,,
2009,,
2009,,
nan,,
2009,,
nan,,
2009,,
nan,,
2009,,
2009,,
nan,,
2009,,
2009,,
2009,,
nan,,
2009,,
2011,,
2011,,
2011,,
2011,,
2011,,
nan,,
2011,,
2011,,
nan,,
2011,,
nan,,
2011,,
2005,,
2011,,
2011,,
nan,,
2011,,
2011,,
2011,,
2011,,
2011,,
2011,,
2011,,
2011,,
2011,,
nan,,
2011,,
2011,,
2011,,
2011,,
2011,,
2011,,
2011,,
2011,,
2011,,
2011,,
2011,,
2009,,
2011,,
2011,,
2011,,
2011,,
2011,,
nan,,
2011,,
nan,,
2011,,
2011,,
nan,,
2014,,
2014,,
2014,,
2014,,
2014,,
2014,,
2014,,
2014,,
2014,,
nan,,
2014,,
2014,,
nan,,
2014,,
2014,,
nan,,
2014,,
2014,,
2014,,
2014,,
nan,,
2014,,
2014,,
2005,,
2005,,
2005,,
2005,,
2005,,
2014,,
2005,,
2014,,
2014,,
2014,,
2014,,
2014,,
2014,,
2014,,
2014,,
2014,,
2014,,
2014,,
2014,,
2014,,
2014,,
2014,,
2014,,
2005,,
2010,,
2014,,
2008,,
2016,,
2016,,
2008,,
2016,,
2016,,
2014,,
2016,,
2008,,
2008,,
2008,,
2016,,
2016,,
2008,,
2016,,
2016,,
nan,,
nan,,
nan,,
2016,,
2016,,
2016,,
2016,,
nan,,
nan,,
2016,,
nan,,
nan,,
nan,,
nan,,
nan,,
2010,,
2010,,
nan,,
nan,,
nan,,
2003,,
2003,,
nan,,
nan,,
2010,,
2010,,
2010,,
2016,,
2011,,
2016,,
2016,,
2016,,
2016,,
nan,,
2016,,
nan,,
2016,,
nan,,
2003,,
2016,,
2016,,
2016,,
2016,,
2016,,
2012,,
nan,,
2012,,
2012,,
2012,,
2012,,
2012,,
nan,,
2012,,
2012,,
2012,,
2012,,
2012,,
2012,,
2012,,
2012,,
2012,,
2012,,
2012,,
2012,,
2012,,
2012,,
nan,,
2012,,
2012,,
2007,,
2007,,
2007,,
2007,,
2007,,
2007,,
2004,,
1982,,
2007,,
2007,,
2009,,
2009,,
2007,,
2007,,
2007,,
2009,,
nan,,
nan,,
2009,,
2009,,
2012,,
2012,,
2009,,
2012,,
2010,,
2007,,
2012,,
2012,,
2012,,
2012,,
2012,,
2012,,
2013,,
2015,,
2015,,
nan,,
nan,,
2015,,
2015,,
nan,,
2015,,
2015,,
nan,,
2015,,
2015,,
2015,,
2015,,
2015,,
2015,,
nan,,
2015,,
2015,,
2015,,
2015,,
2015,,
2015,,
2012,,
2012,,
2015,,
2015,,
2015,,
2015,,
2015,,
nan,,
2015,,
2015,,
2015,,
2015,,
2015,,
2015,,
2015,,
2015,,
2015,,
2014,,
2014,,
2015,,
2014,,
2015,,
2015,,
2012,,
2011,,
2011,,
2011,,
2011,,
nan,,
nan,,
2011,,
nan,,
nan,,
2011,,
2011,,
2011,,
nan,,
nan,,
nan,,
nan,,
2011,,
nan,,
nan,,
nan,,
nan,,
nan,,
nan,,
nan,,
nan,,
nan,,
nan,,
nan,,
nan,,
nan,,
nan,,
nan,,
nan,,
nan,,
2011,,
2011,,
2011,,
nan,,
nan,,
nan,,
nan,,
nan,,
nan,,
2011,,
2011,,
nan,,
nan,,
nan,,
nan,,
2011,,
nan,,
nan,,
2011,,
2011,,
nan,,
2011,,
2011,,
2011,,
2011,,
2011,,
2011,,
2011,,
nan,,
nan,,
nan,,
nan,,
2011,,
nan,,
2011,,
2011,,
2011,,
nan,,
2011,,
nan,,
nan,,
nan,,
nan,,
nan,,
nan,,
nan,,
2009,,
2009,,
2011,,
2009,,
2011,,
2011,,
2010,,
nan,,
2011,,
2011,,
nan,,
nan,,
2011,,
2011,,
2011,,
2010,,
nan,,
2007,,
2007,,
2008,,
2005,,
2008,,
2008,,
2005,,
2008,,
2005,,
2008,,
2008,,
2005,,
2007,,
2005,,
2005,,
2005,,
2007,,
2007,,
2008,,
2008,,
2008,,
2008,,
2007,,
2008,,
2008,,
2008,,
2008,,
2008,,
1982,,
1997,,
1997,,
1980,,
2007,,
1997,,
2007,,
2007,,
1997,,
2007,,
2007,,
2007,,
nan,,
2007,,
2007,,
nan,,
nan,,
2007,,
2007,,
2001,,
nan,,
2009,,
nan,,
nan,,
2009,,
nan,,
2009,,
nan,,
2009,,
nan,,
nan,,
2008,,
2007,,
2008,,
nan,,
2007,,
2009,,
2015,,
1999,,
2009,,
2009,,
2009,,
2009,,
2015,,
2009,,
1999,,
1999,,
2009,,
2009,,
2009,,
2009,,
2009,,
2009,,
2009,,
2009,,
2009,,
2009,,
nan,,
2013,,
2013,,
nan,,
2013,,
2013,,
2013,,
2013,,
2013,,
2013,,
2013,,
2013,,
2013,,
nan,,
nan,,
nan,,
2013,,
nan,,
nan,,
nan,,
nan,,
nan,,
nan,,
nan,,
nan,,
2012,,
nan,,
nan,,
2012,,
nan,,
2012,,
2007,,
2007,,
2007,,
2007,,
2007,,
2007,,
2012,,
2013,,
2008,,
2013,,
2008,,
2008,,
2007,,
2008,,
2007,,
2007,,
2008,,
2008,,
2008,,
2008,,
2008,,
2011,,
2008,,
2011,,
2008,,
2011,,
2008,,
2008,,
2011,,
2008,,
2008,,
2011,,
2011,,
2011,,
2011,,
2010,,
2010,,
2010,,
2010,,
2010,,
2010,,
2010,,
2010,,
2012,,
2010,,
2012,,
2012,,
2010,,
2010,,
2012,,
nan,,
2012,,
2012,,
nan,,
nan,,
2012,,
nan,,
2004,,
2012,,
2012,,
2012,,
2012,,
nan,,
nan,,
2011,,
2007,,
2010,,
2006,,
2009,,
2009,,
2009,,
2009,,
2009,,
2010,,
2009,,
2009,,
2010,,
2009,,
nan,,
nan,,
2010,,
nan,,
2009,,
nan,,
2010,,
2004,,
nan,,
2010,,
nan,,
2007,,
nan,,
nan,,
nan,,
nan,,
nan,,
2007,,
nan,,
nan,,
nan,,
nan,,
2010,,
nan,,
nan,,
2012,,
nan,,
nan,,
nan,,
nan,,
nan,,
nan,,
nan,,
nan,,
nan,,
nan,,
nan,,
2068,,
2068,,
2068,,
2068,,
2068,,
nan,,
2068,,
nan,,
nan,,
nan,,
2012,,
2068,,
nan,,
2012,,
nan,,
nan,,
nan,,
2012,,
2012,,
nan,,
nan,,
nan,,
nan,,
nan,,
nan,,
nan,,
nan,,
nan,,
nan,,
2012,,
nan,,
nan,,
nan,,
nan,,
nan,,
nan,,
2012,,
nan,,
nan,,
2012,,
2012,,
2012,,
nan,,
nan,,
2012,,
nan,,
2015,,
2015,,
2015,,
nan,,
2016,,
2015,,
nan,,
2015,,
nan,,
2015,,
2015,,
2015,,
2015,,
nan,,
nan,,
nan,,
nan,,
2015,,
2015,,
nan,,
2015,,
2015,,
2015,,
nan,,
2013,,
nan,,
2015,,
2011,,
2015,,
nan,,
nan,,
nan,,
nan,,
2015,,
2015,,
2015,,
2015,,
2015,,
2015,,
2015,,
2015,,
2015,,
2015,,
2015,,
2015,,
2015,,
2015,,
2015,,
2011,,
2015,,
nan,,
nan,,
2015,,
nan,,
2013,,
2013,,
2015,,
2015,,
2011,,
nan,,
2013,,
2011,,
2013,,
2013,,
2013,,
2013,,
2013,,
2014,,
2013,,
2014,,
2014,,
2014,,
2014,,
2014,,
2014,,
2014,,
2014,,
2014,,
2014,,
2015,,
2015,,
2015,,
2015,,
nan,,
2015,,
2015,,
2015,,
2015,,
2015,,
2015,,
2015,,
2015,,
2015,,
2015,,
2015,,
2011,,
2013,,
2013,,
2012,,
2012,,
2011,,
2012,,
2013,,
2012,,
2011,,
2011,,
2012,,
2012,,
2012,,
2015,,
2012,,
2002,,
2015,,
2015,,
2014,,
2014,,
2012,,
2013,,
nan,,
2012,,
nan,,
2013,,
2013,,
2013,,
2013,,
2013,,
2013,,
2013,,
2013,,
2013,,
2008,,
2007,,
2007,,
2007,,
nan,,
2003,,
2004,,
nan,,
2003,,
nan,,
nan,,
nan,,
nan,,
nan,,
2004,,
nan,,
nan,,
nan,,
nan,,
2009,,
2009,,
nan,,
2009,,
2009,,
2010,,
2010,,
nan,,
2009,,
nan,,
2009,,
2006,,
2010,,
nan,,
nan,,
nan,,
nan,,
2004,,
nan,,
2004,,
2004,,
2004,,
2004,,
nan,,
2004,,
nan,,
nan,,
2004,,
2004,,
2004,,
2004,,
2004,,
2004,,
2004,,
2004,,
nan,,
2009,,
2013,,
2013,,
2012,,
2012,,
2011,,
nan,,
2011,,
2012,,
2012,,
2012,,
2012,,
2012,,
nan,,
2012,,
2012,,
2012,,
2012,,
2012,,
2012,,
2012,,
2012,,
2012,,
nan,,
2007,,
nan,,
nan,,
nan,,
2009,,
2006,,
nan,,
2008,,
2009,,
2009,,
2008,,
2009,,
2007,,
2008,,
2009,,
2007,,
2007,,
2009,,
1996,,
nan,,
2006,,
1997,,
2000,,
2009,,
2009,,
2011,,
2011,,
2005,,
2011,,
2010,,
2010,,
2005,,
2008,,
2008,,
2009,,
2010,,
nan,,
nan,,
nan,,
nan,,
2008,,
2010,,
2010,,
nan,,
2010,,
2010,,
2011,,
2010,,
2014,,
2014,,
2014,,
2014,,
2014,,
nan,,
2014,,
2010,,
2010,,
2014,,
2014,,
2014,,
2010,,
2014,,
2014,,
2014,,
nan,,
nan,,
2014,,
nan,,
nan,,
2014,,
2014,,
2014,,
2014,,
nan,,
2014,,
2014,,
2014,,
2014,,
2014,,
2014,,
2014,,
2014,,
nan,,
2014,,
2014,,
2013,,
2014,,
2014,,
2014,,
2014,,
2014,,
nan,,
nan,,
nan,,
nan,,
nan,,
nan,,
2014,,
2014,,
2014,,
nan,,
2014,,
2014,,
nan,,
nan,,
nan,,
2014,,
2014,,
2014,,
2014,,
2014,,
2014,,
2014,,
2014,,
2014,,
2014,,
2014,,
2014,,
2014,,
2014,,
2014,,
2014,,
2014,,
2014,,
2014,,
2014,,
2014,,
2014,,
2014,,
2014,,
2013,,
2014,,
2013,,
2013,,
2014,,
2014,,
2014,,
2013,,
2014,,
2014,,
2014,,
2014,,
2014,,
2014,,
2014,,
2014,,
2014,,
2012,,
2012,,
2012,,
2014,,
2014,,
2011,,
2012,,
2014,,
2014,,
2012,,
2011,,
2014,,
2014,,
2014,,
2014,,
2011,,
2014,,
2014,,
2014,,
2014,,
2012,,
2014,,
2012,,
2014,,
2014,,
2014,,
2012,,
2014,,
2009,,
2012,,
2014,,
nan,,
2012,,
2014,,
2012,,
2012,,
2014,,
2014,,
2014,,
2014,,
2014,,
nan,,
2009,,
2011,,
2011,,
2011,,
nan,,
nan,,
2011,,
2011,,
2011,,
2011,,
2010,,
2011,,
2011,,
2011,,
2009,,
2011,,
nan,,
2011,,
nan,,
2011,,
2011,,
2011,,
2011,,
2011,,
2011,,
2009,,
2011,,
nan,,
nan,,
2011,,
2010,,
2011,,
2011,,
nan,,
2009,,
2010,,
2009,,
nan,,
2011,,
nan,,
nan,,
2011,,
2011,,
nan,,
2011,,
2011,,
nan,,
nan,,
2011,,
2011,,
2010,,
2011,,
nan,,
2011,,
nan,,
nan,,
nan,,
2011,,
2011,,
nan,,
nan,,
nan,,
2009,,
nan,,
2011,,
2011,,
2011,,
2011,,
2011,,
nan,,
2011,,
2010,,
2011,,
2011,,
2011,,
2010,,
2009,,
nan,,
2009,,
nan,,
nan,,
2003,,
2009,,
2009,,
nan,,
nan,,
nan,,
nan,,
nan,,
2004,,
2009,,
2004,,
2009,,
nan,,
nan,,
nan,,
2009,,
2004,,
2009,,
nan,,
2012,,
nan,,
nan,,
2012,,
2012,,
2012,,
2012,,
2012,,
2012,,
2012,,
2012,,
nan,,
2011,,
2011,,
nan,,
2012,,
nan,,
nan,,
2012,,
2012,,
2002,,
2006,,
2006,,
2006,,
2012,,
2012,,
2006,,
nan,,
2006,,
2012,,
2012,,
2011,,
2012,,
2012,,
2012,,
nan,,
nan,,
nan,,
2012,,
2012,,
2012,,
2012,,
2003,,
2011,,
2012,,
nan,,
2006,,
2011,,
nan,,
2004,,
nan,,
nan,,
nan,,
nan,,
nan,,
2009,,
2009,,
nan,,
nan,,
nan,,
2009,,
nan,,
nan,,
nan,,
nan,,
nan,,
nan,,
nan,,
nan,,
nan,,
nan,,
2009,,
2008,,
2009,,
2007,,
nan,,
nan,,
nan,,
2013,,
nan,,
2013,,
2011,,
2013,,
2013,,
nan,,
2013,,
2013,,
nan,,
2009,,
2009,,
2013,,
2013,,
2013,,
2013,,
2013,,
2013,,
2013,,
2013,,
2013,,
nan,,
2013,,
2013,,
2013,,
2013,,
2013,,
nan,,
nan,,
2013,,
2009,,
2013,,
2013,,
2013,,
2015,,
2013,,
2009,,
2013,,
2013,,
2013,,
nan,,
2006,,
2009,,
2009,,
2009,,
2006,,
2009,,
2009,,
2009,,
2009,,
2006,,
2009,,
2030,,
2009,,
2006,,
2009,,
2009,,
2006,,
2009,,
1999,,
nan,,
2011,,
2013,,
2010,,
nan,,
2011,,
nan,,
2013,,
2010,,
nan,,
nan,,
nan,,
2010,,
2010,,
nan,,
2013,,
2013,,
2010,,
nan,,
nan,,
nan,,
2013,,
2013,,
2013,,
2008,,
nan,,
2013,,
nan,,
nan,,
2013,,
nan,,
2013,,
nan,,
2013,,
2013,,
nan,,
nan,,
2013,,
2013,,
nan,,
2013,,
2013,,
2013,,
nan,,
2013,,
2013,,
nan,,
2013,,
2013,,
2013,,
nan,,
2012,,
2012,,
2021,,
nan,,
nan,,
2015,,
2012,,
nan,,
nan,,
2015,,
2012,,
2021,,
2015,,
nan,,
nan,,
2015,,
2015,,
2012,,
2015,,
nan,,
nan,,
2012,,
2015,,
2012,,
2015,,
nan,,
2015,,
nan,,
nan,,
2012,,
2005,,
2015,,
2012,,
2015,,
2015,,
nan,,
nan,,
nan,,
2015,,
2015,,
2015,,
2015,,
nan,,
2012,,
nan,,
2012,,
2015,,
nan,,
2015,,
2012,,
2012,,
2012,,
2015,,
2005,,
2012,,
nan,,
2015,,
2015,,
2012,,
2021,,
2015,,
nan,,
nan,,
2012,,
2015,,
2015,,
2005,,
2015,,
2015,,
nan,,
nan,,
nan,,
2012,,
2012,,
2012,,
nan,,
2021,,
nan,,
2015,,
2021,,
2012,,
2015,,
2012,,
nan,,
2015,,
nan,,
2015,,
2015,,
2015,,
2008,,
2011,,
nan,,
nan,,
2011,,
nan,,
nan,,
nan,,
2011,,
nan,,
2011,,
2011,,
2008,,
2011,,
nan,,
nan,,
nan,,
nan,,
nan,,
nan,,
nan,,
nan,,
2011,,
nan,,
nan,,
2011,,
nan,,
2011,,
nan,,
nan,,
nan,,
nan,,
nan,,
nan,,
nan,,
2010,,
2008,,
nan,,
nan,,
2011,,
nan,,
nan,,
2011,,
nan,,
2011,,
nan,,
nan,,
2011,,
nan,,
nan,,
nan,,
nan,,
nan,,
nan,,
nan,,
2011,,
2011,,
nan,,
nan,,
nan,,
2011,,
nan,,
2011,,
2011,,
2011,,
2011,,
2011,,
2011,,
nan,,
2010,,
nan,,
2011,,
2011,,
nan,,
nan,,
2011,,
nan,,
2010,,
nan,,
2011,,
2011,,
2011,,
2010,,
2011,,
2011,,
2011,,
2011,,
2011,,
nan,,
nan,,
2010,,
nan,,
2011,,
2011,,
2010,,
2011,,
nan,,
2010,,
2011,,
2011,,
nan,,
2011,,
2011,,
2010,,
2011,,
2010,,
2011,,
nan,,
2011,,
2011,,
2011,,
nan,,
2010,,
2011,,
nan,,
2011,,
2011,,
nan,,
nan,,
2011,,
2011,,
2014,,
2015,,
2015,,
2015,,
nan,,
nan,,
nan,,
nan,,
nan,,
2007,,
nan,,
nan,,
nan,,
nan,,
nan,,
2014,,
nan,,
nan,,
nan,,
nan,,
2014,,
nan,,
2014,,
2011,,
nan,,
2014,,
nan,,
nan,,
nan,,
nan,,
2015,,
2015,,
nan,,
nan,,
nan,,
nan,,
nan,,
nan,,
2015,,
2015,,
nan,,
nan,,
nan,,
2014,,
nan,,
nan,,
nan,,
nan,,
nan,,
2015,,
nan,,
nan,,
nan,,
nan,,
2007,,
2014,,
2014,,
2014,,
nan,,
nan,,
nan,,
2014,,
nan,,
nan,,
nan,,
nan,,
2015,,
2014,,
nan,,
nan,,
nan,,
2015,,
nan,,
2011,,
nan,,
nan,,
nan,,
nan,,
nan,,
nan,,
2014,,
nan,,
nan,,
2011,,
2015,,
nan,,
nan,,
2015,,
2015,,
nan,,
2014,,
nan,,
2007,,
2015,,
2015,,
2015,,
nan,,
nan,,
2015,,
nan,,
2014,,
nan,,
2013,,
2013,,
2008,,
2013,,
2008,,
2013,,
2013,,
2013,,
2013,,
2013,,
nan,,
nan,,
2013,,
nan,,
2013,,
2013,,
2013,,
2008,,
2013,,
2013,,
2008,,
2013,,
2013,,
nan,,
2013,,
2013,,
nan,,
nan,,
2013,,
2013,,
2013,,
2013,,
2013,,
2009,,
2013,,
2008,,
2013,,
2008,,
2013,,
2008,,
2013,,
2008,,
2013,,
2013,,
2013,,
2013,,
2008,,
2013,,
nan,,
2013,,
2013,,
nan,,
2010,,
nan,,
nan,,
nan,,
nan,,
2006,,
2010,,
2010,,
nan,,
2010,,
nan,,
nan,,
nan,,
2010,,
nan,,
2010,,
2002,,
2010,,
2010,,
nan,,
2006,,
nan,,
nan,,
2010,,
2010,,
2010,,
2010,,
nan,,
2011,,
2011,,
2011,,
2005,,
2011,,
2005,,
2011,,
2005,,
2005,,
2005,,
2011,,
nan,,
2005,,
2011,,
nan,,
nan,,
nan,,
2005,,
2012,,
nan,,
2005,,
2011,,
2010,,
nan,,
2011,,
nan,,
2005,,
nan,,
2011,,
nan,,
nan,,
nan,,
2011,,
2011,,
2011,,
2011,,
2012,,
nan,,
2011,,
2011,,
2011,,
nan,,
2011,,
2011,,
2011,,
2011,,
2011,,
2005,,
nan,,
2011,,
nan,,
2009,,
2008,,
2009,,
2009,,
2009,,
2001,,
2007,,
2009,,
2009,,
2009,,
2003,,
2009,,
2009,,
2009,,
2009,,
2004,,
2009,,
2009,,
2009,,
2009,,
2007,,
nan,,
nan,,
2007,,
2009,,
2009,,
2009,,
2006,,
nan,,
2005,,
2005,,
2007,,
2009,,
2008,,
2008,,
2005,,
2008,,
2009,,
2009,,
2008,,
2009,,
2008,,
2009,,
2008,,
2009,,
2008,,
2008,,
2009,,
2005,,
2008,,
2009,,
2009,,
2009,,
2005,,
2006,,
2008,,
2009,,
2008,,
2008,,
2003,,
nan,,
nan,,
nan,,
nan,,
nan,,
nan,,
nan,,
nan,,
nan,,
nan,,
nan,,
nan,,
nan,,
nan,,
nan,,
2012,,
nan,,
nan,,
nan,,
nan,,
nan,,
nan,,
nan,,
nan,,
nan,,
nan,,
nan,,
nan,,
nan,,
nan,,
nan,,
nan,,
nan,,
nan,,
nan,,
1979,,
nan,,
nan,,
nan,,
nan,,
nan,,
nan,,
1982,,
2011,,
nan,,
nan,,
2012,,
nan,,
nan,,
nan,,
nan,,
nan,,
2008,,
nan,,
nan,,
nan,,
nan,,
nan,,
nan,,
nan,,
nan,,
nan,,
nan,,
2011,,
2009,,
2011,,
2011,,
2011,,
2010,,
2003,,
nan,,
nan,,
2011,,
2009,,
nan,,
2010,,
2010,,
2011,,
2010,,
2010,,
2010,,
nan,,
nan,,
2011,,
nan,,
nan,,
2009,,
2003,,
2009,,
nan,,
2003,,
2003,,
2011,,
2011,,
nan,,
2011,,
2009,,
nan,,
2010,,
2009,,
nan,,
2010,,
2011,,
nan,,
2003,,
2011,,
2010,,
2003,,
2009,,
2009,,
2009,,
2010,,
2010,,
nan,,
2010,,
2010,,
2010,,
nan,,
nan,,
nan,,
2009,,
2010,,
nan,,
2010,,
2006,,
2010,,
nan,,
nan,,
2010,,
2010,,
2009,,
nan,,
nan,,
2010,,
nan,,
2006,,
nan,,
2014,,
2009,,
2014,,
2014,,
2014,,
2014,,
2014,,
nan,,
2014,,
2014,,
2014,,
2014,,
2014,,
2012,,
2014,,
2014,,
2012,,
2014,,
2014,,
2014,,
2014,,
nan,,
nan,,
2014,,
2014,,
2014,,
2009,,
2014,,
2014,,
2009,,
2014,,
2008,,
2014,,
2013,,
2014,,
2008,,
2011,,
2014,,
2014,,
2014,,
nan,,
2012,,
2012,,
2008,,
2014,,
2014,,
2014,,
2014,,
2014,,
2012,,
2014,,
2009,,
2012,,
2004,,
2012,,
2014,,
2014,,
2014,,
2004,,
nan,,
nan,,
2014,,
2014,,
2014,,
2014,,
2014,,
2014,,
2014,,
2014,,
2014,,
2012,,
2014,,
2014,,
2014,,
2014,,
2014,,
2013,,
2004,,
2014,,
2012,,
2014,,
2012,,
nan,,
nan,,
2009,,
2008,,
2014,,
nan,,
2004,,
2014,,
2014,,
2014,,
2012,,
2014,,
2014,,
2012,,
2012,,
2014,,
2009,,
2014,,
2004,,
2013,,
2014,,
nan,,
2010,,
2010,,
2010,,
nan,,
2010,,
nan,,
nan,,
2010,,
nan,,
nan,,
2010,,
nan,,
nan,,
2010,,
nan,,
nan,,
2010,,
2010,,
nan,,
2010,,
2010,,
2010,,
nan,,
2010,,
nan,,
2010,,
2010,,
2010,,
nan,,
2011,,
2011,,
2011,,
nan,,
2011,,
2011,,
nan,,
2011,,
nan,,
2011,,
2011,,
2011,,
2011,,
2011,,
2011,,
2011,,
2011,,
2011,,
2011,,
nan,,
2011,,
nan,,
nan,,
2011,,
nan,,
2011,,
2011,,
2011,,
2011,,
nan,,
2011,,
2011,,
nan,,
2011,,
nan,,
2011,,
2004,,
2006,,
2008,,
2004,,
2008,,
2002,,
2002,,
2008,,
2008,,
2008,,
2002,,
2008,,
2008,,
1989,,
2009,,
2006,,
2008,,
2012,,
nan,,
nan,,
2012,,
2012,,
nan,,
2010,,
2012,,
nan,,
nan,,
2012,,
nan,,
2012,,
nan,,
nan,,
nan,,
2010,,
2012,,
nan,,
2012,,
2012,,
2012,,
nan,,
2010,,
2012,,
2012,,
2010,,
nan,,
nan,,
nan,,
2012,,
nan,,
2012,,
2012,,
nan,,
nan,,
2012,,
2012,,
nan,,
nan,,
2013,,
2012,,
2012,,
2012,,
2010,,
nan,,
2012,,
2012,,
nan,,
2012,,
2010,,
2012,,
nan,,
nan,,
2012,,
2012,,
2012,,
2012,,
2012,,
nan,,
2012,,
2012,,
nan,,
nan,,
2012,,
2012,,
2012,,
2012,,
2012,,
nan,,
2012,,
2012,,
2012,,
nan,,
2012,,
nan,,
2012,,
2010,,
2012,,
nan,,
2012,,
2012,,
nan,,
2012,,
2012,,
2012,,
2010,,
nan,,
nan,,
2015,,
2015,,
nan,,
nan,,
nan,,
2015,,
2015,,
nan,,
nan,,
2015,,
nan,,
nan,,
nan,,
2015,,
2015,,
2015,,
nan,,
2015,,
nan,,
2015,,
2015,,
2015,,
nan,,
nan,,
2015,,
nan,,
2015,,
2015,,
nan,,
nan,,
nan,,
nan,,
2015,,
2015,,
2015,,
nan,,
2015,,
2015,,
2015,,
nan,,
2015,,
2015,,
nan,,
nan,,
2015,,
2015,,
2015,,
nan,,
2015,,
nan,,
2015,,
2015,,
2015,,
2015,,
nan,,
nan,,
nan,,
2015,,
nan,,
nan,,
2015,,
2015,,
nan,,
nan,,
2015,,
nan,,
2015,,
2015,,
nan,,
2015,,
nan,,
nan,,
2015,,
nan,,
nan,,
nan,,
nan,,
2015,,
2015,,
nan,,
2015,,
2015,,
nan,,
2015,,
2015,,
nan,,
nan,,
nan,,
nan,,
nan,,
2011,,
2015,,
nan,,
2011,,
nan,,
nan,,
2014,,
2015,,
2015,,
nan,,
2015,,
nan,,
2015,,
nan,,
nan,,
2015,,
2015,,
2015,,
nan,,
2015,,
2014,,
nan,,
nan,,
nan,,
2015,,
nan,,
nan,,
nan,,
2015,,
nan,,
nan,,
nan,,
nan,,
nan,,
nan,,
nan,,
2014,,
2015,,
2014,,
nan,,
2015,,
2014,,
2015,,
nan,,
nan,,
nan,,
2015,,
2015,,
nan,,
2014,,
2015,,
nan,,
nan,,
nan,,
2015,,
2014,,
nan,,
nan,,
nan,,
2014,,
2015,,
2011,,
2015,,
nan,,
2014,,
2014,,
nan,,
2014,,
nan,,
2004,,
nan,,
1999,,
2009,,
2005,,
1999,,
1999,,
1999,,
1999,,
1999,,
1999,,
2005,,
2009,,
2005,,
nan,,
2008,,
2008,,
2009,,
2008,,
2009,,
nan,,
2008,,
2005,,
nan,,
1999,,
2009,,
2005,,
2005,,
2015,,
2015,,
2015,,
2004,,
2005,,
2015,,
nan,,
2015,,
2004,,
2004,,
nan,,
nan,,
nan,,
2008,,
2004,,
nan,,
nan,,
2005,,
2005,,
2005,,
2004,,
2005,,
2004,,
2004,,
2004,,
2004,,
nan,,
nan,,
2015,,
2005,,
2004,,
2004,,
2004,,
2004,,
nan,,
2015,,
2015,,
nan,,
nan,,
nan,,
2005,,
2015,,
2015,,
2005,,
nan,,
2004,,
2015,,
nan,,
2005,,
2004,,
nan,,
2015,,
2004,,
2015,,
2015,,
nan,,
2012,,
nan,,
nan,,
2012,,
nan,,
2012,,
nan,,
nan,,
2012,,
2012,,
2011,,
2012,,
nan,,
2012,,
2009,,
nan,,
2012,,
2002,,
nan,,
2012,,
nan,,
nan,,
nan,,
nan,,
2007,,
2008,,
2007,,
2007,,
2009,,
2008,,
2009,,
2005,,
2008,,
nan,,
2000,,
2009,,
2007,,
2007,,
2009,,
2009,,
2009,,
2009,,
2008,,
2000,,
2009,,
2007,,
2009,,
2009,,
2009,,
2007,,
2007,,
2009,,
2009,,
2009,,
2009,,
2009,,
2009,,
2009,,
2008,,
2008,,
2008,,
2009,,
2009,,
2009,,
2009,,
2009,,
2007,,
2009,,
2009,,
2008,,
2007,,
2007,,
nan,,
2009,,
2009,,
2007,,
2009,,
2007,,
2009,,
2009,,
2009,,
2009,,
2009,,
2007,,
2009,,
2007,,
nan,,
2010,,
nan,,
2010,,
nan,,
nan,,
nan,,
nan,,
2010,,
2010,,
nan,,
nan,,
nan,,
nan,,
nan,,
2010,,
nan,,
2010,,
2010,,
nan,,
2010,,
2010,,
nan,,
nan,,
2010,,
2010,,
nan,,
2010,,
2010,,
nan,,
2009,,
nan,,
nan,,
nan,,
2010,,
nan,,
nan,,
nan,,
nan,,
2010,,
2010,,
2010,,
2010,,
2010,,
nan,,
nan,,
nan,,
nan,,
nan,,
nan,,
nan,,
2010,,
nan,,
2010,,
nan,,
nan,,
2006,,
2007,,
2010,,
nan,,
nan,,
nan,,
nan,,
nan,,
nan,,
nan,,
2007,,
2010,,
nan,,
nan,,
2009,,
nan,,
2013,,
2008,,
2013,,
nan,,
2013,,
2012,,
nan,,
2012,,
nan,,
2013,,
nan,,
2012,,
2013,,
2008,,
2013,,
2013,,
2013,,
2013,,
2013,,
2008,,
nan,,
nan,,
2012,,
2013,,
2013,,
nan,,
2013,,
2008,,
nan,,
2009,,
2008,,
2013,,
2013,,
2013,,
nan,,
2013,,
2013,,
nan,,
2013,,
nan,,
nan,,
2013,,
nan,,
2013,,
2013,,
2013,,
2013,,
2011,,
2013,,
2013,,
2008,,
nan,,
nan,,
2013,,
2013,,
2013,,
2013,,
2013,,
2008,,
2013,,
2013,,
2008,,
nan,,
2013,,
nan,,
2008,,
2013,,
2013,,
2013,,
nan,,
2011,,
2011,,
2013,,
nan,,
nan,,
nan,,
2012,,
2013,,
2013,,
2013,,
2013,,
2013,,
2013,,
nan,,
2013,,
2013,,
2008,,
2008,,
2013,,
nan,,
2013,,
2013,,
nan,,
nan,,
2013,,
2013,,
nan,,
2013,,
2013,,
2013,,
2013,,
2013,,
2013,,
2013,,
2013,,
2013,,
nan,,
2010,,
2013,,
2008,,
2013,,
nan,,
2013,,
2013,,
2013,,
2008,,
nan,,
nan,,
2008,,
nan,,
2013,,
2013,,
2013,,
2013,,
2008,,
2008,,
2007,,
2007,,
2009,,
2009,,
2009,,
2007,,
2009,,
2009,,
2009,,
2008,,
2007,,
2009,,
2009,,
2008,,
2009,,
2008,,
2008,,
2007,,
2008,,
2009,,
2009,,
2009,,
2007,,
2008,,
2008,,
2008,,
2008,,
2009,,
2007,,
2009,,
2008,,
2009,,
2008,,
2009,,
2007,,
2009,,
2009,,
2007,,
2008,,
2009,,
nan,,
2009,,
2007,,
2007,,
2007,,
2007,,
2008,,
2008,,
2008,,
2009,,
2007,,
nan,,
2008,,
nan,,
2009,,
2009,,
2008,,
2009,,
2009,,
2007,,
2008,,
2009,,
nan,,
2009,,
2007,,
2009,,
1998,,
2016,,
nan,,
2016,,
1998,,
nan,,
2016,,
2016,,
2016,,
1998,,
1998,,
1998,,
2016,,
2009,,
2016,,
2016,,
2016,,
1998,,
nan,,
2016,,
2016,,
2016,,
nan,,
2016,,
nan,,
nan,,
nan,,
1998,,
nan,,
nan,,
1998,,
2016,,
nan,,
2016,,
2016,,
2016,,
2016,,
nan,,
nan,,
2016,,
nan,,
nan,,
1998,,
2016,,
2016,,
2016,,
2016,,
2016,,
2016,,
2016,,
2013,,
2009,,
2016,,
2016,,
2016,,
2016,,
2016,,
2016,,
2014,,
2016,,
1998,,
nan,,
2016,,
2009,,
2016,,
nan,,
1998,,
1998,,
nan,,
nan,,
2016,,
2016,,
1998,,
2016,,
1998,,
2016,,
nan,,
1998,,
2009,,
2009,,
2009,,
nan,,
2009,,
2009,,
2009,,
2009,,
2009,,
2009,,
nan,,
2009,,
2009,,
2009,,
2009,,
2009,,
nan,,
nan,,
2009,,
2015,,
2015,,
2010,,
2015,,
nan,,
2015,,
2015,,
2015,,
2015,,
2015,,
2015,,
nan,,
nan,,
2015,,
2015,,
2015,,
2014,,
2010,,
2015,,
nan,,
nan,,
2015,,
nan,,
2015,,
nan,,
nan,,
2015,,
2015,,
2015,,
2015,,
2015,,
2015,,
2014,,
2015,,
2015,,
2014,,
2015,,
2015,,
2015,,
2015,,
2015,,
nan,,
2015,,
2015,,
2015,,
2015,,
2015,,
2015,,
2015,,
2015,,
nan,,
nan,,
2008,,
2008,,
2008,,
2009,,
2009,,
2008,,
2009,,
2008,,
2009,,
2009,,
2008,,
nan,,
2009,,
2009,,
2009,,
2008,,
2008,,
2009,,
2009,,
2009,,
nan,,
2009,,
nan,,
nan,,
2008,,
2008,,
2009,,
2009,,
2009,,
2002,,
nan,,
2009,,
nan,,
2008,,
2009,,
2009,,
2009,,
2008,,
2009,,
2009,,
2009,,
2009,,
2009,,
2009,,
nan,,
2009,,
2009,,
2009,,
2008,,
2009,,
2008,,
2008,,
2009,,
2009,,
2009,,
2009,,
2008,,
2008,,
2009,,
2009,,
2009,,
2008,,
2008,,
2009,,
2009,,
nan,,
2009,,
2008,,
2008,,
nan,,
nan,,
nan,,
2012,,
nan,,
nan,,
2011,,
nan,,
2012,,
2012,,
nan,,
2012,,
2012,,
2012,,
nan,,
nan,,
2009,,
nan,,
2012,,
2009,,
2012,,
nan,,
2012,,
2012,,
nan,,
nan,,
2012,,
2012,,
nan,,
2012,,
2012,,
2012,,
nan,,
2012,,
2012,,
2012,,
2012,,
2012,,
2012,,
nan,,
2012,,
2009,,
nan,,
2012,,
nan,,
nan,,
nan,,
2012,,
nan,,
2012,,
nan,,
nan,,
nan,,
2012,,
nan,,
nan,,
2010,,
nan,,
2012,,
nan,,
2009,,
nan,,
nan,,
2012,,
nan,,
nan,,
nan,,
2012,,
nan,,
2013,,
2013,,
2013,,
2013,,
2013,,
2013,,
2013,,
nan,,
2007,,
2013,,
2012,,
2013,,
2012,,
2012,,
2012,,
2012,,
2012,,
2013,,
2013,,
2013,,
2013,,
2012,,
2013,,
2013,,
2011,,
2013,,
2013,,
2013,,
2013,,
2012,,
2013,,
2013,,
2013,,
2013,,
2013,,
2013,,
2013,,
2009,,
2013,,
nan,,
2013,,
nan,,
2013,,
2013,,
nan,,
2013,,
2013,,
2013,,
2013,,
2013,,
2013,,
nan,,
2013,,
nan,,
nan,,
2013,,
nan,,
2009,,
2013,,
2009,,
2013,,
2013,,
nan,,
2013,,
2009,,
2013,,
2009,,
2013,,
2013,,
2013,,
2013,,
nan,,
nan,,
2013,,
2013,,
nan,,
2013,,
2013,,
2013,,
2012,,
1999,,
2012,,
2012,,
2012,,
2012,,
2012,,
2011,,
2012,,
2012,,
nan,,
2012,,
2012,,
2012,,
2012,,
nan,,
2004,,
2012,,
2012,,
2012,,
2012,,
2012,,
2011,,
2001,,
2012,,
2012,,
2012,,
2012,,
2012,,
2012,,
2012,,
2006,,
2012,,
2012,,
2012,,
2012,,
2012,,
2012,,
nan,,
2012,,
2012,,
2011,,
2012,,
nan,,
2011,,
2012,,
nan,,
2012,,
nan,,
2012,,
2012,,
2011,,
nan,,
2012,,
2012,,
2012,,
2012,,
2012,,
2012,,
nan,,
nan,,
2012,,
2012,,
nan,,
nan,,
2012,,
2012,,
2012,,
2012,,
2012,,
nan,,
2012,,
nan,,
2012,,
nan,,
2012,,
nan,,
2012,,
2012,,
2012,,
nan,,
2012,,
2012,,
nan,,
nan,,
2012,,
nan,,
2012,,
nan,,
2012,,
2012,,
nan,,
2012,,
2012,,
2012,,
2012,,
2012,,
2012,,
2011,,
nan,,
2012,,
2011,,
2012,,
nan,,
2012,,
2012,,
2012,,
nan,,
nan,,
nan,,
2011,,
2012,,
2012,,
2012,,
nan,,
2012,,
2012,,
2012,,
2012,,
2012,,
2012,,
nan,,
2012,,
2012,,
2012,,
2012,,
2012,,
2005,,
2012,,
2012,,
2012,,
2012,,
2012,,
2012,,
nan,,
1997,,
1997,,
2012,,
2012,,
2012,,
1997,,
2012,,
2012,,
2012,,
1997,,
2011,,
2012,,
2012,,
2012,,
2012,,
2012,,
2012,,
2011,,
2012,,
2012,,
2012,,
1997,,
nan,,
2014,,
2014,,
nan,,
2014,,
2014,,
2014,,
2014,,
2006,,
2014,,
2014,,
2006,,
2014,,
2014,,
2014,,
nan,,
2006,,
2014,,
2006,,
2006,,
2014,,
2014,,
2014,,
nan,,
nan,,
2012,,
nan,,
nan,,
2012,,
nan,,
nan,,
2012,,
2012,,
nan,,
nan,,
2012,,
2003,,
nan,,
2012,,
nan,,
2003,,
nan,,
nan,,
nan,,
nan,,
nan,,
nan,,
2003,,
2012,,
nan,,
nan,,
nan,,
nan,,
nan,,
2012,,
nan,,
nan,,
nan,,
nan,,
nan,,
2012,,
nan,,
nan,,
nan,,
nan,,
nan,,
nan,,
nan,,
nan,,
nan,,
nan,,
nan,,
nan,,
nan,,
nan,,
nan,,
nan,,
1996,,
2012,,
nan,,
nan,,
1996,,
nan,,
nan,,
nan,,
nan,,
2012,,
1993,,
1996,,
nan,,
nan,,
nan,,
nan,,
nan,,
nan,,
2012,,
nan,,
nan,,
nan,,
nan,,
nan,,
nan,,
nan,,
nan,,
nan,,
nan,,
nan,,
nan,,
nan,,
nan,,
nan,,
2011,,
2015,,
2011,,
nan,,
nan,,
2011,,
nan,,
nan,,
nan,,
2015,,
2011,,
2014,,
2011,,
nan,,
nan,,
2015,,
2013,,
2015,,
nan,,
2015,,
2015,,
2015,,
2015,,
nan,,
2013,,
2011,,
2015,,
2015,,
2015,,
2015,,
2015,,
nan,,
2015,,
2013,,
2015,,
2013,,
2011,,
2015,,
2011,,
2011,,
nan,,
nan,,
2015,,
2013,,
2011,,
nan,,
2015,,
nan,,
2015,,
2015,,
2011,,
2011,,
2011,,
2014,,
2015,,
nan,,
nan,,
2015,,
2015,,
2015,,
nan,,
2015,,
2011,,
2015,,
nan,,
2013,,
2011,,
2014,,
2011,,
2015,,
2014,,
nan,,
nan,,
2015,,
2015,,
2007,,
2011,,
2007,,
2007,,
2011,,
2011,,
2007,,
2011,,
2011,,
2011,,
2012,,
2011,,
nan,,
2011,,
2011,,
2011,,
2011,,
2011,,
2011,,
2007,,
2011,,
2007,,
2007,,
2005,,
2011,,
2011,,
nan,,
nan,,
2007,,
2011,,
2007,,
2007,,
2011,,
2011,,
2011,,
2007,,
nan,,
nan,,
2010,,
2011,,
2011,,
2011,,
2011,,
nan,,
2011,,
nan,,
nan,,
nan,,
2004,,
2011,,
2010,,
2011,,
nan,,
nan,,
nan,,
nan,,
2010,,
2011,,
2011,,
2011,,
2011,,
2007,,
2011,,
2007,,
nan,,
2011,,
2004,,
nan,,
nan,,
2015,,
nan,,
nan,,
nan,,
nan,,
nan,,
nan,,
nan,,
nan,,
nan,,
nan,,
nan,,
nan,,
nan,,
nan,,
nan,,
2015,,
nan,,
nan,,
2010,,
nan,,
2015,,
2015,,
2010,,
nan,,
nan,,
2015,,
2015,,
2015,,
2015,,
nan,,
2010,,
2015,,
nan,,
2015,,
nan,,
nan,,
2015,,
2015,,
nan,,
nan,,
nan,,
2015,,
nan,,
nan,,
2010,,
2010,,
2015,,
nan,,
nan,,
2015,,
2015,,
2015,,
nan,,
nan,,
nan,,
nan,,
2015,,
2015,,
nan,,
nan,,
nan,,
nan,,
nan,,
2015,,
nan,,
2015,,
nan,,
2015,,
2015,,
nan,,
nan,,
nan,,
2015,,
2015,,
2015,,
2015,,
nan,,
nan,,
2015,,
2015,,
2010,,
2015,,
2015,,
2010,,
2010,,
nan,,
nan,,
nan,,
nan,,
nan,,
2015,,
2015,,
2015,,
2010,,
2015,,
2015,,
2015,,
2015,,
2015,,
2015,,
nan,,
nan,,
2015,,
nan,,
nan,,
2015,,
2015,,
2010,,
nan,,
2010,,
nan,,
nan,,
2015,,
nan,,
nan,,
nan,,
nan,,
nan,,
nan,,
nan,,
2010,,
nan,,
nan,,
nan,,
2008,,
nan,,
nan,,
nan,,
2009,,
nan,,
2009,,
nan,,
nan,,
nan,,
2010,,
nan,,
nan,,
nan,,
nan,,
nan,,
nan,,
2010,,
2011,,
nan,,
2010,,
2011,,
nan,,
2011,,
2011,,
2010,,
2010,,
2010,,
2010,,
2011,,
nan,,
nan,,
nan,,
2011,,
2009,,
nan,,
nan,,
nan,,
2010,,
nan,,
2011,,
2011,,
2011,,
2011,,
nan,,
2011,,
nan,,
nan,,
nan,,
nan,,
2011,,
nan,,
nan,,
nan,,
nan,,
2011,,
nan,,
2010,,
2010,,
2011,,
nan,,
nan,,
2011,,
nan,,
nan,,
nan,,
nan,,
2011,,
2011,,
2011,,
nan,,
2009,,
2011,,
nan,,
nan,,
2011,,
nan,,
nan,,
nan,,
2011,,
2011,,
2011,,
nan,,
2010,,
nan,,
2010,,
nan,,
nan,,
2009,,
nan,,
nan,,
nan,,
nan,,
2004,,
nan,,
2006,,
1997,,
nan,,
nan,,
2009,,
nan,,
nan,,
nan,,
nan,,
2009,,
2009,,
2009,,
2009,,
nan,,
nan,,
2005,,
2009,,
nan,,
nan,,
2008,,
nan,,
2009,,
2006,,
2004,,
nan,,
2004,,
2009,,
nan,,
1985,,
nan,,
nan,,
nan,,
2004,,
2009,,
2009,,
nan,,
2009,,
2009,,
nan,,
nan,,
2006,,
2009,,
2009,,
nan,,
2004,,
nan,,
nan,,
nan,,
2009,,
nan,,
nan,,
nan,,
2009,,
nan,,
2007,,
2009,,
nan,,
nan,,
2009,,
2009,,
nan,,
2007,,
nan,,
2009,,
nan,,
nan,,
nan,,
nan,,
2009,,
1982,,
2009,,
2008,,
nan,,
nan,,
nan,,
nan,,
1982,,
nan,,
nan,,
2006,,
nan,,
nan,,
2009,,
nan,,
2006,,
2008,,
nan,,
2009,,
nan,,
2008,,
nan,,
2008,,
nan,,
nan,,
nan,,
nan,,
nan,,
nan,,
2007,,
2008,,
nan,,
2009,,
2008,,
2008,,
nan,,
nan,,
2001,,
2007,,
2009,,
2009,,
2009,,
2009,,
2008,,
2008,,
2004,,
2009,,
nan,,
2009,,
2008,,
2005,,
2010,,
nan,,
2015,,
2005,,
2008,,
nan,,
nan,,
nan,,
nan,,
2010,,
nan,,
nan,,
nan,,
2010,,
2015,,
2015,,
nan,,
nan,,
nan,,
2005,,
nan,,
nan,,
2015,,
nan,,
2015,,
2015,,
2005,,
2013,,
2010,,
nan,,
nan,,
2005,,
2015,,
nan,,
2015,,
nan,,
2015,,
2013,,
nan,,
2005,,
nan,,
2008,,
nan,,
2015,,
nan,,
2005,,
nan,,
nan,,
nan,,
2005,,
2015,,
2008,,
nan,,
nan,,
2010,,
2015,,
2013,,
nan,,
2005,,
2015,,
nan,,
nan,,
nan,,
2008,,
2008,,
2002,,
nan,,
2008,,
2008,,
2008,,
2008,,
2008,,
2008,,
2008,,
2007,,
2008,,
2009,,
2008,,
nan,,
2007,,
2004,,
2008,,
nan,,
2008,,
nan,,
2008,,
2008,,
2008,,
nan,,
2008,,
2008,,
2007,,
nan,,
2008,,
2008,,
2007,,
2008,,
nan,,
2004,,
2004,,
2008,,
2008,,
2008,,
2008,,
nan,,
2008,,
2008,,
2008,,
2002,,
2007,,
2008,,
2007,,
2008,,
nan,,
2008,,
nan,,
2008,,
2008,,
nan,,
2008,,
nan,,
2002,,
2007,,
2008,,
2008,,
2008,,
nan,,
nan,,
2008,,
2008,,
2004,,
nan,,
nan,,
2008,,
nan,,
nan,,
2009,,
nan,,
2009,,
2009,,
2011,,
nan,,
nan,,
nan,,
nan,,
nan,,
nan,,
2011,,
2011,,
2011,,
2011,,
2011,,
2011,,
2011,,
2011,,
2011,,
2011,,
2011,,
2011,,
2011,,
2011,,
2011,,
2011,,
2011,,
2006,,
2011,,
2010,,
nan,,
nan,,
2011,,
2011,,
2006,,
nan,,
nan,,
2011,,
nan,,
nan,,
2011,,
2011,,
2011,,
nan,,
nan,,
nan,,
nan,,
nan,,
2011,,
2011,,
